{
    "A-Chandkheda": [
        23.1100643,
        72.5811205
    ],
    "A-Navrangpura": [
        23.0359998,
        72.5643429
    ],
    "A-South Bopal": [
        23.0235385,
        72.470527
    ],
    "G-Dahegam": [
        23.168191,
        72.8223276
    ],
    "A-Maninagar": [
        22.9986596,
        72.6114013
    ],
    "A-Bapunagar": [
        23.0324369,
        72.6313566
    ],
    "A-Naranpura": [
        23.0567133,
        72.5508575
    ],
    "A-Paldi": [
        23.0145531,
        72.5635432
    ],
    "A-Naroda": [
        23.0732586,
        72.6508299
    ],
    "A-Ranip": [
        23.0766234,
        72.5764197
    ],
    "A-Kasindra": [
        22.8927975,
        72.4910926
    ],
    "A-CG Road Navrangpura": [
        23.026011,
        72.5567179
    ],
    "A-narol": [
        22.9483926,
        72.5977854
    ],
    "A-Sabarmati": [
        23.0770712,
        72.5890677
    ],
    "A-Ambawadi": [
        23.0226117,
        72.5490834
    ],
    "G-Vavol": [
        23.2276443,
        72.6221356
    ],
    "A-Gota": [
        23.1010002,
        72.5408363
    ],
    "A-Bopal": [
        23.0235385,
        72.470527
    ],
    "A-Nava Naroda": [
        23.0687402,
        72.6734956
    ],
    "A-Shahibaug": [
        23.0556364,
        72.5965538
    ],
    "A-Ghodasar": [
        22.9912428,
        72.6164232
    ],
    "A-Usmanpura": [
        23.0494863,
        72.5672615
    ],
    "A-Ghatlodia": [
        23.0848516,
        72.5303277
    ],
    "A-Ashram Road": [
        23.0242311,
        72.5713983
    ],
    "A-New Ranip": [
        23.092529,
        72.561323
    ],
    "A-Sola": [
        23.069237,
        72.5111307
    ],
    "A-Nikol": [
        23.0589329,
        72.6718737
    ],
    "A-Satellite": [
        23.0279564,
        72.5189752
    ],
    "A-New Maninagar ": [
        23.0079477,
        72.6187138
    ],
    "A-Science City": [
        23.077854,
        72.494798
    ],
    "A-Vasna ": [
        23.0020055,
        72.5472413
    ],
    "A-Vaishnodevi": [
        23.1361229,
        72.5426754
    ],
    "A-SG Highway": [
        23.1124781,
        72.5356222
    ],
    "P-Balewadi": [
        18.5820266,
        73.7689831
    ],
    "G-Koba": [
        23.1615368,
        72.6357778
    ],
    "P-Mahalunge": [
        19.0931323,
        73.7526518
    ],
    "A-Ambali": [
        22.3279751,
        72.2316325
    ],
    "P-Pimple-saudagar": [
        18.5981553,
        73.7977661
    ],
    "A-Bodakdev": [
        23.0445921,
        72.517344
    ],
    "P-Pimpri": [
        18.6231854,
        73.8019932
    ],
    "A-Vatva": [
        22.9589978,
        72.6297981
    ],
    "A-Changodar": [
        22.9402206,
        72.4567127
    ],
    "B-Vasna Road": [
        22.2950457,
        73.1584922
    ],
    "P-Kothrud": [
        18.5038889,
        73.807673
    ],
    "A-Isanpur": [
        22.9811295,
        72.6012948
    ],
    "A-Memnagar": [
        23.0516973,
        72.535169
    ],
    "A-Amraiwadi": [
        23.0057574,
        72.6269822
    ],
    "A-raipur": [
        23.0205453,
        72.5899775
    ],
    "A-Ellisbridge": [
        23.0230917,
        72.5719841
    ],
    "A-Ghuma": [
        23.0295113,
        72.4506006
    ],
    "S-Varachha": [
        21.2130113,
        72.8572587
    ],
    "G-Sargasan": [
        23.1842801,
        72.6156802
    ],
    "G-Pethapur": [
        23.2658686,
        72.6690097
    ],
    "A-Chandlodia": [
        23.0836489,
        72.5520835
    ],
    "A-Motera": [
        23.0917717,
        72.5973345
    ],
    "-": [
        23.0215374,
        72.5800568
    ],
    "A-Hathijan ": [
        22.9411139,
        72.6674473
    ],
    "A-Nava Vadaj": [
        23.0682238,
        72.5640995
    ],
    "A-Sanand": [
        23.0238876,
        72.3851475
    ],
    "A-Shahpur": [
        23.0360108,
        72.5781671
    ],
    "P-Keshavnagar": [
        18.5291334,
        73.9444213
    ],
    "A-Shela": [
        23.0108213,
        72.4427119
    ],
    "A-Thaltej": [
        23.0485393,
        72.511742
    ],
    "A-Vejalpur": [
        23.0069372,
        72.5208415
    ],
    "A-Odhav": [
        23.0185001,
        72.6577647
    ],
    "G-Mahudi": [
        23.4935554,
        72.7854967
    ],
    "G-Raysan": [
        23.1670594,
        72.6606212
    ],
    "P-Chinchwad": [
        18.6403548,
        73.7917128
    ],
    "A-Maninagar East": [
        22.9993547,
        72.6137203
    ],
    "P-Lohegaon": [
        18.5803749,
        73.9182265
    ],
    "A-Lambha": [
        22.9317728,
        72.5749418
    ],
    "A-Subhash Bridge": [
        23.0611627,
        72.5858628
    ],
    "P-Aundh": [
        18.5618834,
        73.8101957
    ],
    "P-Manjari": [
        18.5236232,
        73.9871692
    ],
    "A-Vastrapur": [
        23.0400861,
        72.5290418
    ],
    "A-Bavla": [
        22.8278859,
        72.3684741
    ],
    "A-Shilaj": [
        23.0544372,
        72.4720756
    ],
    "A-Vastral": [
        22.9948656,
        72.6624431
    ],
    "A-Ramol ": [
        23.0080221,
        72.6303338
    ],
    "G-Sector 28": [
        23.2470358,
        72.6563375
    ],
    "B-New VIP Road": [
        22.3199075,
        73.2263296
    ],
    "A-kankaria": [
        23.0017632,
        72.5940885
    ],
    "A-Nehru Nagar Ambawadi": [
        23.0225299,
        72.5416944
    ],
    "A-Gurukul ": [
        23.0457058,
        72.5268056
    ],
    "G-Kudasan": [
        23.1704419,
        72.6234269
    ],
    "G-Randesan": [
        23.1790845,
        72.6472583
    ],
    "P-Kharadi": [
        18.5512763,
        73.9416575
    ],
    "A-Sarkhej": [
        22.983483,
        72.5007203
    ],
    "G-Randheja": [
        23.2917067,
        72.6380728
    ],
    "A-Kalupur": [
        23.0263312,
        72.601
    ],
    "A-Kubernagar": [
        23.0804086,
        72.6340502
    ],
    "P-Wakad": [
        18.6022495,
        73.7644454
    ],
    "G-Sector 6B": [
        23.231654,
        72.6645416
    ],
    "P-Kawade": [
        18.1597576,
        74.6004793
    ],
    "A-Bhadaj": [
        23.0868734,
        72.4835036
    ],
    "P-Walhekarwadi": [
        18.6300771,
        73.7748902
    ],
    "S-Palsana": [
        21.0859408,
        72.978046
    ],
    "P-Ambegaon": [
        19.0316935,
        73.9500301
    ],
    "B-Atladara": [
        22.2768734,
        73.1610199
    ],
    "B-Waghodia Road": [
        22.2945585,
        73.232922
    ],
    "P-Kondhwa": [
        18.4779905,
        73.8940627
    ],
    "S-Althan": [
        21.1516745,
        72.8412911
    ],
    "P-Baner": [
        18.5642431,
        73.7768573
    ],
    "P-Undri": [
        18.4516318,
        73.8927348
    ],
    "B-Sayajigunj": [
        22.309047,
        73.1851032
    ],
    "P-Hinjewadi": [
        18.5740718,
        73.6800349
    ],
    "B-Sevasi": [
        22.3184181,
        73.1193683
    ],
    "B-Chhani": [
        22.3625714,
        73.1712952
    ],
    "A-Makarba": [
        22.996342,
        72.5043085
    ],
    "S-Pal": [
        21.1967679,
        72.7782724
    ],
    "G-Sector 26": [
        23.2543384,
        72.6406076
    ],
    "B-Old Padra Road": [
        22.287557,
        73.1645635
    ],
    "A-Chharodi": [
        23.0393458,
        72.2748933
    ],
    "P-Pashan": [
        18.5386704,
        73.7952542
    ],
    "P-Wagholi": [
        18.5806299,
        73.9833099
    ],
    "P-Moshi": [
        18.6523154,
        73.8442032
    ],
    "P-Kiwale": [
        18.8496805,
        73.8034486
    ],
    "A-Koteshwar": [
        23.1031355,
        72.6021315
    ],
    "P-Bhugaon": [
        18.5000084,
        73.7501119
    ],
    "P-Pimpari": [
        18.9302555,
        73.5385117
    ],
    "A-Godhavi": [
        23.0233196,
        72.4087089
    ],